INSERT INTO permission_group VALUES(1, 'root1', null);
INSERT INTO permission_group VALUES(2, 'root2', null);
INSERT INTO permission_group VALUES(3, 'A', 1);
INSERT INTO permission_group VALUES(4, 'B', 3);
INSERT INTO permission_group VALUES(5, 'C', 3);
INSERT INTO permission_group VALUES(6, 'D', 1);
INSERT INTO permission_group VALUES(7, 'E', 2);
INSERT INTO permission_group VALUES(8, 'F', 7);

INSERT INTO role VALUES(1, 'roo1_1', 'TEACHER', 1);
INSERT INTO role VALUES(2, 'roo1_2', 'STUDENT', 1);
INSERT INTO role VALUES(3, 'A_1', 'DEFAULT', 3);
INSERT INTO role VALUES(4, 'A_2', 'TEACHER', 3);
INSERT INTO role VALUES(5, 'B_1', 'DEFAULT', 4);
INSERT INTO role VALUES(6, 'C_1', 'DEFAULT', 5);
INSERT INTO role VALUES(7, 'C_2', 'DEFAULT', 5);
INSERT INTO role VALUES(8, 'D_1', 'DEFAULT', 6);
INSERT INTO role VALUES(9, 'E_1', 'DEFAULT', 7);
INSERT INTO role VALUES(10, 'E_2', 'STUDENT', 7);
INSERT INTO role VALUES(11, 'F_1', 'DEFAULT', 8);
INSERT INTO role VALUES(12, 'F_2', 'STUDENT', 8);

INSERT INTO role_permission(name, role_id) VALUES('roo1_1_P1', 1);
INSERT INTO role_permission(name, role_id) VALUES('roo1_1_P2', 1);
INSERT INTO role_permission(name, role_id) VALUES('roo1_2_P1', 2);
INSERT INTO role_permission(name, role_id) VALUES('roo1_2_P2', 2);
INSERT INTO role_permission(name, role_id) VALUES('A_1_P1', 3);
INSERT INTO role_permission(name, role_id) VALUES('A_2_P1', 4);
INSERT INTO role_permission(name, role_id) VALUES('A_2_P2', 4);
INSERT INTO role_permission(name, role_id) VALUES('B_1_P1', 5);
INSERT INTO role_permission(name, role_id) VALUES('C_1_P1', 6);
INSERT INTO role_permission(name, role_id) VALUES('C_2_P1', 7);
INSERT INTO role_permission(name, role_id) VALUES('C_2_P2', 7);
INSERT INTO role_permission(name, role_id) VALUES('D_1_P1', 8);
INSERT INTO role_permission(name, role_id) VALUES('E_2_P1', 10);
INSERT INTO role_permission(name, role_id) VALUES('E_2_P2', 10);
INSERT INTO role_permission(name, role_id) VALUES('F_1_P1', 11);
INSERT INTO role_permission(name, role_id) VALUES('F_1_P2', 11);
INSERT INTO role_permission(name, role_id) VALUES('F_1_P3', 11);